<?xml version="1.0"?>
<config xmlns:xsi="http://www.w3.org/2001/XMLSchema-instance" xsi:noNamespaceSchemaLocation="urn:magento:framework:Acl/etc/acl.xsd">
    <acl>
        <resources>
            <resource id="Magento_Backend::admin">
                <resource id="Magento_Customer::customer">
                    <resource id="Customer_Nationality::customer_head" title="Customer Nationality" sortOrder="100" >
                        <resource id="Customer_Nationality::Nationality" title="Nationality" sortOrder="10">
                            <resource id="Customer_Nationality::nationality_save" title="Save Nationality" sortOrder="10" />
                            <resource id="Customer_Nationality::nationality_delete" title="Delete Nationality" sortOrder="20" />
                        </resource>
                    </resource>
                </resource>
            </resource>
        </resources>
    </acl>
</config>
