<?xml version="1.0"?>
<config xmlns:xsi="http://www.w3.org/2001/XMLSchema-instance" xsi:noNamespaceSchemaLocation="urn:magento:framework:Acl/etc/acl.xsd">
    <acl>
        <resources>
            <resource id="Magento_Backend::admin">
                <resource id="Magento_Customer::customer">
                    <resource id="Customer_Province::province_head" title="Customer Barangay" sortOrder="100" >
                        <resource id="Customer_Barangay::barangay" title="Barangay" sortOrder="10">
                            <resource id="Customer_Barangay::barangay_save" title="Save Barangay" sortOrder="10" />
                            <resource id="Customer_Barangay::barangay_delete" title="Delete Barangay" sortOrder="20" />
                        </resource>
                    </resource>
                </resource>
            </resource>
        </resources>
    </acl>
</config>
