<?xml version="1.0"?>
<config xmlns:xsi="http://www.w3.org/2001/XMLSchema-instance" xsi:noNamespaceSchemaLocation="urn:magento:framework:ObjectManager/etc/config.xsd">
    <type name="Customer\Progress\Model\ProgressFactory">
        <arguments>
            <argument name="progressResource" xsi:type="object">Customer\Progress\Model\ResourceModel\Progress</argument>
            <argument name="progressCollectionFactory" xsi:type="object">Customer\Progress\Model\ResourceModel\Progress\CollectionFactory</argument>
        </arguments>
    </type>
</config>
