<?xml version="1.0"?>
<config xmlns:xsi="http://www.w3.org/2001/XMLSchema-instance" xsi:noNamespaceSchemaLocation="urn:magento:framework:ObjectManager/etc/config.xsd">
    <!-- Create our type BranchGridDataProvider -->
    <virtualType name="BranchGridDataProvider" type="Magento\Framework\View\Element\UiComponent\DataProvider\DataProvider">
        <arguments>
            <argument name="collection" xsi:type="object" shared="false">Apply\Branches\Model\Resource\Branch\Collection</argument>
            <argument name="filterPool" xsi:type="object" shared="false">BranchGridFilterPool</argument> <!-- Define new object for filters -->
        </arguments>
    </virtualType>

    <!-- Create our type BranchGridFilterPool -->
    <virtualType name="BranchGridFilterPool" type="Magento\Framework\View\Element\UiComponent\DataProvider\FilterPool">
        <arguments>
            <argument name="appliers" xsi:type="array">
                <item name="regular" xsi:type="object">Magento\Framework\View\Element\UiComponent\DataProvider\RegularFilter</item>
                <item name="fulltext" xsi:type="object">Magento\Framework\View\Element\UiComponent\DataProvider\FulltextFilter</item>
            </argument>
        </arguments>
    </virtualType>

    <!-- Type for branches_branches_listing_data_source -->
    <type name="Magento\Framework\View\Element\UiComponent\DataProvider\CollectionFactory">
        <arguments>
            <argument name="collections" xsi:type="array">
                <item name="branches_branches_listing_data_source" xsi:type="string">Apply\Branches\Model\ResourceModel\Grid\Branch\Collection</item>
            </argument>
        </arguments>
    </type>

    <!-- Simulate our class Apply\Branches\Model\ResourceModel\Grid\Branch\Collection -->
    <virtualType name="Apply\Branches\Model\ResourceModel\Grid\Branch\Collection" type="Magento\Framework\View\Element\UiComponent\DataProvider\SearchResult">
        <arguments>
            <argument name="mainTable" xsi:type="string">apply_branch</argument>
            <argument name="resourceModel" xsi:type="string">Apply\Branches\Model\ResourceModel\Branch</argument>
        </arguments>
    </virtualType>
</config>
