<?xml version="1.0"?>
<config xmlns:xsi="http://www.w3.org/2001/XMLSchema-instance" xsi:noNamespaceSchemaLocation="urn:magento:framework:Acl/etc/acl.xsd">
    <acl>
        <resources>
            <resource id="Magento_Backend::admin">
                <resource id="Magento_Sales::sales">
                    <resource id="Appy_Loans::loan_head" title="Apply Loan" sortOrder="100" >
                        <resource id="Apply_Loans::loans" title="Loans" sortOrder="10">
                             <resource id="Appy_Loans::loans_view" title="View Loans" sortOrder="20" />
                           <!--<resource id="Appy_Loans::loans_save" title="Save Loans" sortOrder="10" />
                            <resource id="Appy_Loans::loans_delete" title="Delete Loans" sortOrder="20" />-->
                        </resource>
                    </resource>
                </resource>
            </resource>
        </resources>
    </acl>
</config>
