<?xml version="1.0"?>
<config xmlns:xsi="http://www.w3.org/2001/XMLSchema-instance" xsi:noNamespaceSchemaLocation="urn:magento:framework:Acl/etc/acl.xsd">
    <acl>
        <resources>
            <resource id="Magento_Backend::admin">
                <resource id="Magento_Backend::content">
                    <resource id="Downpayment_Terms::term_head" title="Downpayment" sortOrder="100" >
                        <resource id="Downpayment_Terms::term" title="Terms" sortOrder="10">
                            <resource id="Downpayment_Terms::term_save" title="Save Terms" sortOrder="10" />
                            <resource id="Downpayment_Terms::term_delete" title="Delete Terms" sortOrder="20" />
                        </resource>
                    </resource>
                </resource>
            </resource>
        </resources>
    </acl>
</config>
